Date,Vacation
2017-12-23,Christmas Holiday
2017-12-24,Christmas Holiday
2017-12-25,Christmas Holiday
2017-12-26,Christmas Holiday
2017-12-27,Christmas Holiday
2017-12-28,Christmas Holiday
2017-12-29,Christmas Holiday
2017-12-30,Christmas Holiday
2017-12-31,Christmas Holiday
2018-01-01,Christmas Holiday
2018-01-02,Christmas Holiday
2018-01-03,Christmas Holiday
2018-01-04,Christmas Holiday
2018-01-05,Christmas Holiday
2018-01-06,Christmas Holiday
2018-01-07,Christmas Holiday
2018-02-19,Winter Holiday
2018-02-20,Winter Holiday
2018-02-21,Winter Holiday
2018-02-22,Winter Holiday
2018-02-23,Winter Holiday
2018-02-24,Winter Holiday
2018-02-25,Winter Holiday
2018-03-29,Easter Holiday
2018-03-30,Easter Holiday
2018-03-31,Easter Holiday
2018-04-01,Easter Holiday
2018-04-02,Easter Holiday
2018-04-03,Easter Holiday
2018-04-30,Spring Holiday
2018-05-01,Spring Holiday
2018-05-02,Spring Holiday
2018-05-03,Spring Holiday
2018-05-04,Spring Holiday
2018-05-05,Spring Holiday
2018-05-06,Spring Holiday
2018-06-02,Summer Holiday
2018-06-03,Summer Holiday
2018-06-04,Summer Holiday
2018-06-05,Summer Holiday
2018-06-06,Summer Holiday
2018-06-07,Summer Holiday
2018-06-08,Summer Holiday
2018-06-09,Summer Holiday
2018-06-10,Summer Holiday
2018-06-11,Summer Holiday
2018-06-12,Summer Holiday
2018-06-13,Summer Holiday
2018-06-14,Summer Holiday
2018-06-15,Summer Holiday
2018-06-16,Summer Holiday
2018-06-17,Summer Holiday
2018-06-18,Summer Holiday
2018-06-19,Summer Holiday
2018-06-20,Summer Holiday
2018-06-21,Summer Holiday
2018-06-22,Summer Holiday
2018-06-23,Summer Holiday
2018-06-24,Summer Holiday
2018-06-25,Summer Holiday
2018-06-26,Summer Holiday
2018-06-27,Summer Holiday
2018-06-28,Summer Holiday
2018-06-29,Summer Holiday
2018-06-30,Summer Holiday
2018-07-01,Summer Holiday
2018-07-02,Summer Holiday
2018-07-03,Summer Holiday
2018-07-04,Summer Holiday
2018-07-05,Summer Holiday
2018-07-06,Summer Holiday
2018-07-07,Summer Holiday
2018-07-08,Summer Holiday
2018-07-09,Summer Holiday
2018-07-10,Summer Holiday
2018-07-11,Summer Holiday
2018-07-12,Summer Holiday
2018-07-13,Summer Holiday
2018-07-14,Summer Holiday
2018-07-15,Summer Holiday
2018-07-16,Summer Holiday
2018-07-17,Summer Holiday
2018-07-18,Summer Holiday
2018-07-19,Summer Holiday
2018-07-20,Summer Holiday
2018-07-21,Summer Holiday
2018-07-22,Summer Holiday
2018-07-23,Summer Holiday
2018-07-24,Summer Holiday
2018-07-25,Summer Holiday
2018-07-26,Summer Holiday
2018-07-27,Summer Holiday
2018-07-28,Summer Holiday
2018-07-29,Summer Holiday
2018-07-30,Summer Holiday
2018-07-31,Summer Holiday
2018-08-01,Summer Holiday
2018-08-02,Summer Holiday
2018-08-03,Summer Holiday
2018-08-04,Summer Holiday
2018-08-05,Summer Holiday
2018-08-06,Summer Holiday
2018-08-07,Summer Holiday
2018-08-08,Summer Holiday
2018-08-09,Summer Holiday
2018-08-10,Summer Holiday
2018-08-11,Summer Holiday
2018-08-12,Summer Holiday
2018-10-15,Autumn Holiday
2018-10-16,Autumn Holiday
2018-10-17,Autumn Holiday
2018-10-18,Autumn Holiday
2018-10-19,Autumn Holiday
2018-10-20,Autumn Holiday
2018-10-21,Autumn Holiday
2018-12-22,Christmas Holiday
2018-12-23,Christmas Holiday
2018-12-24,Christmas Holiday
2018-12-25,Christmas Holiday
2018-12-26,Christmas Holiday
2018-12-27,Christmas Holiday
2018-12-28,Christmas Holiday
2018-12-29,Christmas Holiday
2018-12-30,Christmas Holiday
2018-12-31,Christmas Holiday
2019-01-01,Christmas Holiday
2019-01-02,Christmas Holiday
2019-01-03,Christmas Holiday
2019-01-04,Christmas Holiday
2019-01-05,Christmas Holiday
2019-01-06,Christmas Holiday
2019-02-18,Winter Holiday
2019-02-19,Winter Holiday
2019-02-20,Winter Holiday
2019-02-21,Winter Holiday
2019-02-22,Winter Holiday
2019-02-23,Winter Holiday
2019-02-24,Winter Holiday
2019-04-18,Easter Holiday
2019-04-19,Easter Holiday
2019-04-20,Easter Holiday
2019-04-21,Easter Holiday
2019-04-22,Easter Holiday
2019-04-23,Easter Holiday
2019-04-29,Spring Holiday
2019-04-30,Spring Holiday
2019-05-01,Spring Holiday
2019-05-02,Spring Holiday
2019-05-03,Spring Holiday
2019-05-04,Spring Holiday
2019-05-05,Spring Holiday
2019-06-01,Summer Holiday
2019-06-02,Summer Holiday
2019-06-03,Summer Holiday
2019-06-04,Summer Holiday
2019-06-05,Summer Holiday
2019-06-06,Summer Holiday
2019-06-07,Summer Holiday
2019-06-08,Summer Holiday
2019-06-09,Summer Holiday
2019-06-10,Summer Holiday
2019-06-11,Summer Holiday
2019-06-12,Summer Holiday
2019-06-13,Summer Holiday
2019-06-14,Summer Holiday
2019-06-15,Summer Holiday
2019-06-16,Summer Holiday
2019-06-17,Summer Holiday
2019-06-18,Summer Holiday
2019-06-19,Summer Holiday
2019-06-20,Summer Holiday
2019-06-21,Summer Holiday
2019-06-22,Summer Holiday
2019-06-23,Summer Holiday
2019-06-24,Summer Holiday
2019-06-25,Summer Holiday
2019-06-26,Summer Holiday
2019-06-27,Summer Holiday
2019-06-28,Summer Holiday
2019-06-29,Summer Holiday
2019-06-30,Summer Holiday
2019-07-01,Summer Holiday
2019-07-02,Summer Holiday
2019-07-03,Summer Holiday
2019-07-04,Summer Holiday
2019-07-05,Summer Holiday
2019-07-06,Summer Holiday
2019-07-07,Summer Holiday
2019-07-08,Summer Holiday
2019-07-09,Summer Holiday
2019-07-10,Summer Holiday
2019-07-11,Summer Holiday
2019-07-12,Summer Holiday
2019-07-13,Summer Holiday
2019-07-14,Summer Holiday
2019-07-15,Summer Holiday
2019-07-16,Summer Holiday
2019-07-17,Summer Holiday
2019-07-18,Summer Holiday
2019-07-19,Summer Holiday
2019-07-20,Summer Holiday
2019-07-21,Summer Holiday
2019-07-22,Summer Holiday
2019-07-23,Summer Holiday
2019-07-24,Summer Holiday
2019-07-25,Summer Holiday
2019-07-26,Summer Holiday
2019-07-27,Summer Holiday
2019-07-28,Summer Holiday
2019-07-29,Summer Holiday
2019-07-30,Summer Holiday
2019-07-31,Summer Holiday
2019-08-01,Summer Holiday
2019-08-02,Summer Holiday
2019-08-03,Summer Holiday
2019-08-04,Summer Holiday
2019-08-05,Summer Holiday
2019-08-06,Summer Holiday
2019-08-07,Summer Holiday
2019-08-08,Summer Holiday
2019-08-09,Summer Holiday
2019-08-10,Summer Holiday
2019-08-11,Summer Holiday
2019-10-14,Autumn Holiday
2019-10-15,Autumn Holiday
2019-10-16,Autumn Holiday
2019-10-17,Autumn Holiday
2019-10-18,Autumn Holiday
2019-10-19,Autumn Holiday
2019-10-20,Autumn Holiday
2019-12-21,Christmas Holiday
2019-12-22,Christmas Holiday
2019-12-23,Christmas Holiday
2019-12-24,Christmas Holiday
2019-12-25,Christmas Holiday
2019-12-26,Christmas Holiday
2019-12-27,Christmas Holiday
2019-12-28,Christmas Holiday
2019-12-29,Christmas Holiday
2019-12-30,Christmas Holiday
2019-12-31,Christmas Holiday
2020-01-01,Christmas Holiday
2020-01-02,Christmas Holiday
2020-01-03,Christmas Holiday
2020-01-04,Christmas Holiday
2020-01-05,Christmas Holiday
2020-02-17,Winter Holiday
2020-02-18,Winter Holiday
2020-02-19,Winter Holiday
2020-02-20,Winter Holiday
2020-02-21,Winter Holiday
2020-02-22,Winter Holiday
2020-02-23,Winter Holiday
2020-04-09,Easter Holiday
2020-04-10,Easter Holiday
2020-04-11,Easter Holiday
2020-04-12,Easter Holiday
2020-04-13,Easter Holiday
2020-04-14,Easter Holiday
2020-04-27,Spring Holiday
2020-04-28,Spring Holiday
2020-04-29,Spring Holiday
2020-04-30,Spring Holiday
2020-05-01,Spring Holiday
2020-05-02,Spring Holiday
2020-05-03,Spring Holiday
2020-05-30,Summer Holiday
2020-05-31,Summer Holiday
2020-06-01,Summer Holiday
2020-06-02,Summer Holiday
2020-06-03,Summer Holiday
2020-06-04,Summer Holiday
2020-06-05,Summer Holiday
2020-06-06,Summer Holiday
2020-06-07,Summer Holiday
2020-06-08,Summer Holiday
2020-06-09,Summer Holiday
2020-06-10,Summer Holiday
2020-06-11,Summer Holiday
2020-06-12,Summer Holiday
2020-06-13,Summer Holiday
2020-06-14,Summer Holiday
2020-06-15,Summer Holiday
2020-06-16,Summer Holiday
2020-06-17,Summer Holiday
2020-06-18,Summer Holiday
2020-06-19,Summer Holiday
2020-06-20,Summer Holiday
2020-06-21,Summer Holiday
2020-06-22,Summer Holiday
2020-06-23,Summer Holiday
2020-06-24,Summer Holiday
2020-06-25,Summer Holiday
2020-06-26,Summer Holiday
2020-06-27,Summer Holiday
2020-06-28,Summer Holiday
2020-06-29,Summer Holiday
2020-06-30,Summer Holiday
2020-07-01,Summer Holiday
2020-07-02,Summer Holiday
2020-07-03,Summer Holiday
2020-07-04,Summer Holiday
2020-07-05,Summer Holiday
2020-07-06,Summer Holiday
2020-07-07,Summer Holiday
2020-07-08,Summer Holiday
2020-07-09,Summer Holiday
2020-07-10,Summer Holiday
2020-07-11,Summer Holiday
2020-07-12,Summer Holiday
2020-07-13,Summer Holiday
2020-07-14,Summer Holiday
2020-07-15,Summer Holiday
2020-07-16,Summer Holiday
2020-07-17,Summer Holiday
2020-07-18,Summer Holiday
2020-07-19,Summer Holiday
2020-07-20,Summer Holiday
2020-07-21,Summer Holiday
2020-07-22,Summer Holiday
2020-07-23,Summer Holiday
2020-07-24,Summer Holiday
2020-07-25,Summer Holiday
2020-07-26,Summer Holiday
2020-07-27,Summer Holiday
2020-07-28,Summer Holiday
2020-07-29,Summer Holiday
2020-07-30,Summer Holiday
2020-07-31,Summer Holiday
2020-08-01,Summer Holiday
2020-08-02,Summer Holiday
2020-08-03,Summer Holiday
2020-08-04,Summer Holiday
2020-08-05,Summer Holiday
2020-08-06,Summer Holiday
2020-08-07,Summer Holiday
2020-08-08,Summer Holiday
2020-08-09,Summer Holiday
2020-10-12,Autumn Holiday
2020-10-13,Autumn Holiday
2020-10-14,Autumn Holiday
2020-10-15,Autumn Holiday
2020-10-16,Autumn Holiday
2020-10-17,Autumn Holiday
2020-10-18,Autumn Holiday
2020-12-19,Christmas Holiday
2020-12-20,Christmas Holiday
2020-12-21,Christmas Holiday
2020-12-22,Christmas Holiday
2020-12-23,Christmas Holiday
2020-12-24,Christmas Holiday
2020-12-25,Christmas Holiday
2020-12-26,Christmas Holiday
2020-12-27,Christmas Holiday
2020-12-28,Christmas Holiday
2020-12-29,Christmas Holiday
2020-12-30,Christmas Holiday
2020-12-31,Christmas Holiday
2021-01-01,Christmas Holiday
2021-01-02,Christmas Holiday
2021-01-03,Christmas Holiday
2021-02-15,Winter Holiday
2021-02-16,Winter Holiday
2021-02-17,Winter Holiday
2021-02-18,Winter Holiday
2021-02-19,Winter Holiday
2021-02-20,Winter Holiday
2021-02-21,Winter Holiday
2021-04-01,Easter Holiday
2021-04-02,Easter Holiday
2021-04-03,Easter Holiday
2021-04-04,Easter Holiday
2021-04-05,Easter Holiday
2021-04-06,Easter Holiday
2021-04-26,Spring Holiday
2021-04-27,Spring Holiday
2021-04-28,Spring Holiday
2021-04-29,Spring Holiday
2021-04-30,Spring Holiday
2021-05-01,Spring Holiday
2021-05-02,Spring Holiday
2021-05-29,Summer Holiday
2021-05-30,Summer Holiday
2021-05-31,Summer Holiday
2021-06-01,Summer Holiday
2021-06-02,Summer Holiday
2021-06-03,Summer Holiday
2021-06-04,Summer Holiday
2021-06-05,Summer Holiday
2021-06-06,Summer Holiday
2021-06-07,Summer Holiday
2021-06-08,Summer Holiday
2021-06-09,Summer Holiday
2021-06-10,Summer Holiday
2021-06-11,Summer Holiday
2021-06-12,Summer Holiday
2021-06-13,Summer Holiday
2021-06-14,Summer Holiday
2021-06-15,Summer Holiday
2021-06-16,Summer Holiday
2021-06-17,Summer Holiday
2021-06-18,Summer Holiday
2021-06-19,Summer Holiday
2021-06-20,Summer Holiday
2021-06-21,Summer Holiday
2021-06-22,Summer Holiday
2021-06-23,Summer Holiday
2021-06-24,Summer Holiday
2021-06-25,Summer Holiday
2021-06-26,Summer Holiday
2021-06-27,Summer Holiday
2021-06-28,Summer Holiday
2021-06-29,Summer Holiday
2021-06-30,Summer Holiday
2021-07-01,Summer Holiday
2021-07-02,Summer Holiday
2021-07-03,Summer Holiday
2021-07-04,Summer Holiday
2021-07-05,Summer Holiday
2021-07-06,Summer Holiday
2021-07-07,Summer Holiday
2021-07-08,Summer Holiday
2021-07-09,Summer Holiday
2021-07-10,Summer Holiday
2021-07-11,Summer Holiday
2021-07-12,Summer Holiday
2021-07-13,Summer Holiday
2021-07-14,Summer Holiday
2021-07-15,Summer Holiday
2021-07-16,Summer Holiday
2021-07-17,Summer Holiday
2021-07-18,Summer Holiday
2021-07-19,Summer Holiday
2021-07-20,Summer Holiday
2021-07-21,Summer Holiday
2021-07-22,Summer Holiday
2021-07-23,Summer Holiday
2021-07-24,Summer Holiday
2021-07-25,Summer Holiday
2021-07-26,Summer Holiday
2021-07-27,Summer Holiday
2021-07-28,Summer Holiday
2021-07-29,Summer Holiday
2021-07-30,Summer Holiday
2021-07-31,Summer Holiday
2021-08-01,Summer Holiday
2021-08-02,Summer Holiday
2021-08-03,Summer Holiday
2021-08-04,Summer Holiday
2021-08-05,Summer Holiday
2021-08-06,Summer Holiday
2021-08-07,Summer Holiday
2021-08-08,Summer Holiday
2021-10-11,Autumn Holiday
2021-10-12,Autumn Holiday
2021-10-13,Autumn Holiday
2021-10-14,Autumn Holiday
2021-10-15,Autumn Holiday
2021-10-16,Autumn Holiday
2021-10-17,Autumn Holiday
2021-12-18,Christmas Holiday
2021-12-19,Christmas Holiday
2021-12-20,Christmas Holiday
2021-12-21,Christmas Holiday
2021-12-22,Christmas Holiday
2021-12-23,Christmas Holiday
2021-12-24,Christmas Holiday
2021-12-25,Christmas Holiday
2021-12-26,Christmas Holiday
2021-12-27,Christmas Holiday
2021-12-28,Christmas Holiday
2021-12-29,Christmas Holiday
2021-12-30,Christmas Holiday
2021-12-31,Christmas Holiday
2022-01-01,Christmas Holiday
2022-01-02,Christmas Holiday
2022-02-21,Winter Holiday
2022-02-22,Winter Holiday
2022-02-23,Winter Holiday
2022-02-24,Winter Holiday
2022-02-25,Winter Holiday
2022-02-26,Winter Holiday
2022-02-27,Winter Holiday
2022-04-14,Easter Holiday
2022-04-15,Easter Holiday
2022-04-16,Easter Holiday
2022-04-17,Easter Holiday
2022-04-18,Easter Holiday
2022-04-19,Easter Holiday
2022-04-25,Spring Holiday
2022-04-26,Spring Holiday
2022-04-27,Spring Holiday
2022-04-28,Spring Holiday
2022-04-29,Spring Holiday
2022-04-30,Spring Holiday
2022-05-01,Spring Holiday
2022-06-04,Summer Holiday
2022-06-05,Summer Holiday
2022-06-06,Summer Holiday
2022-06-07,Summer Holiday
2022-06-08,Summer Holiday
2022-06-09,Summer Holiday
2022-06-10,Summer Holiday
2022-06-11,Summer Holiday
2022-06-12,Summer Holiday
2022-06-13,Summer Holiday
2022-06-14,Summer Holiday
2022-06-15,Summer Holiday
2022-06-16,Summer Holiday
2022-06-17,Summer Holiday
2022-06-18,Summer Holiday
2022-06-19,Summer Holiday
2022-06-20,Summer Holiday
2022-06-21,Summer Holiday
2022-06-22,Summer Holiday
2022-06-23,Summer Holiday
2022-06-24,Summer Holiday
2022-06-25,Summer Holiday
2022-06-26,Summer Holiday
2022-06-27,Summer Holiday
2022-06-28,Summer Holiday
2022-06-29,Summer Holiday
2022-06-30,Summer Holiday
2022-07-01,Summer Holiday
2022-07-02,Summer Holiday
2022-07-03,Summer Holiday
2022-07-04,Summer Holiday
2022-07-05,Summer Holiday
2022-07-06,Summer Holiday
2022-07-07,Summer Holiday
2022-07-08,Summer Holiday
2022-07-09,Summer Holiday
2022-07-10,Summer Holiday
2022-07-11,Summer Holiday
2022-07-12,Summer Holiday
2022-07-13,Summer Holiday
2022-07-14,Summer Holiday
2022-07-15,Summer Holiday
2022-07-16,Summer Holiday
2022-07-17,Summer Holiday
2022-07-18,Summer Holiday
2022-07-19,Summer Holiday
2022-07-20,Summer Holiday
2022-07-21,Summer Holiday
2022-07-22,Summer Holiday
2022-07-23,Summer Holiday
2022-07-24,Summer Holiday
2022-07-25,Summer Holiday
2022-07-26,Summer Holiday
2022-07-27,Summer Holiday
2022-07-28,Summer Holiday
2022-07-29,Summer Holiday
2022-07-30,Summer Holiday
2022-07-31,Summer Holiday
2022-08-01,Summer Holiday
2022-08-02,Summer Holiday
2022-08-03,Summer Holiday
2022-08-04,Summer Holiday
2022-08-05,Summer Holiday
2022-08-06,Summer Holiday
2022-08-07,Summer Holiday
2022-08-08,Summer Holiday
2022-08-09,Summer Holiday
2022-08-10,Summer Holiday
2022-08-11,Summer Holiday
2022-08-12,Summer Holiday
2022-08-13,Summer Holiday
2022-08-14,Summer Holiday
2022-10-17,Autumn Holiday
2022-10-18,Autumn Holiday
2022-10-19,Autumn Holiday
2022-10-20,Autumn Holiday
2022-10-21,Autumn Holiday
2022-10-22,Autumn Holiday
2022-10-23,Autumn Holiday
2022-12-17,Christmas Holiday
2022-12-18,Christmas Holiday
2022-12-19,Christmas Holiday
2022-12-20,Christmas Holiday
2022-12-21,Christmas Holiday
2022-12-22,Christmas Holiday
2022-12-23,Christmas Holiday
2022-12-24,Christmas Holiday
2022-12-25,Christmas Holiday
2022-12-26,Christmas Holiday
2022-12-27,Christmas Holiday
2022-12-28,Christmas Holiday
2022-12-29,Christmas Holiday
2022-12-30,Christmas Holiday
2022-12-31,Christmas Holiday
2023-01-01,Christmas Holiday
2023-02-20,Winter Holiday
2023-02-21,Winter Holiday
2023-02-22,Winter Holiday
2023-02-23,Winter Holiday
2023-02-24,Winter Holiday
2023-02-25,Winter Holiday
2023-02-26,Winter Holiday
2023-04-06,Easter Holiday
2023-04-07,Easter Holiday
2023-04-08,Easter Holiday
2023-04-09,Easter Holiday
2023-04-10,Easter Holiday
2023-04-11,Easter Holiday
2023-04-24,Spring Holiday
2023-04-25,Spring Holiday
2023-04-26,Spring Holiday
2023-04-27,Spring Holiday
2023-04-28,Spring Holiday
2023-04-29,Spring Holiday
2023-04-30,Spring Holiday
2023-06-03,Summer Holiday
2023-06-04,Summer Holiday
2023-06-05,Summer Holiday
2023-06-06,Summer Holiday
2023-06-07,Summer Holiday
2023-06-08,Summer Holiday
2023-06-09,Summer Holiday
2023-06-10,Summer Holiday
2023-06-11,Summer Holiday
2023-06-12,Summer Holiday
2023-06-13,Summer Holiday
2023-06-14,Summer Holiday
2023-06-15,Summer Holiday
2023-06-16,Summer Holiday
2023-06-17,Summer Holiday
2023-06-18,Summer Holiday
2023-06-19,Summer Holiday
2023-06-20,Summer Holiday
2023-06-21,Summer Holiday
2023-06-22,Summer Holiday
2023-06-23,Summer Holiday
2023-06-24,Summer Holiday
2023-06-25,Summer Holiday
2023-06-26,Summer Holiday
2023-06-27,Summer Holiday
2023-06-28,Summer Holiday
2023-06-29,Summer Holiday
2023-06-30,Summer Holiday
2023-07-01,Summer Holiday
2023-07-02,Summer Holiday
2023-07-03,Summer Holiday
2023-07-04,Summer Holiday
2023-07-05,Summer Holiday
2023-07-06,Summer Holiday
2023-07-07,Summer Holiday
2023-07-08,Summer Holiday
2023-07-09,Summer Holiday
2023-07-10,Summer Holiday
2023-07-11,Summer Holiday
2023-07-12,Summer Holiday
2023-07-13,Summer Holiday
2023-07-14,Summer Holiday
2023-07-15,Summer Holiday
2023-07-16,Summer Holiday
2023-07-17,Summer Holiday
2023-07-18,Summer Holiday
2023-07-19,Summer Holiday
2023-07-20,Summer Holiday
2023-07-21,Summer Holiday
2023-07-22,Summer Holiday
2023-07-23,Summer Holiday
2023-07-24,Summer Holiday
2023-07-25,Summer Holiday
2023-07-26,Summer Holiday
2023-07-27,Summer Holiday
2023-07-28,Summer Holiday
2023-07-29,Summer Holiday
2023-07-30,Summer Holiday
2023-07-31,Summer Holiday
2023-08-01,Summer Holiday
2023-08-02,Summer Holiday
2023-08-03,Summer Holiday
2023-08-04,Summer Holiday
2023-08-05,Summer Holiday
2023-08-06,Summer Holiday
2023-08-07,Summer Holiday
2023-08-08,Summer Holiday
2023-08-09,Summer Holiday
2023-08-10,Summer Holiday
2023-08-11,Summer Holiday
2023-08-12,Summer Holiday
2023-08-13,Summer Holiday
2023-10-16,Autumn Holiday
2023-10-17,Autumn Holiday
2023-10-18,Autumn Holiday
2023-10-19,Autumn Holiday
2023-10-20,Autumn Holiday
2023-10-21,Autumn Holiday
2023-10-22,Autumn Holiday
2023-12-23,Christmas Holiday
2023-12-24,Christmas Holiday
2023-12-25,Christmas Holiday
2023-12-26,Christmas Holiday
2023-12-27,Christmas Holiday
2023-12-28,Christmas Holiday
2023-12-29,Christmas Holiday
2023-12-30,Christmas Holiday
2023-12-31,Christmas Holiday
2024-01-01,Christmas Holiday
2024-01-02,Christmas Holiday
2024-01-03,Christmas Holiday
2024-01-04,Christmas Holiday
2024-01-05,Christmas Holiday
2024-01-06,Christmas Holiday
2024-01-07,Christmas Holiday
2024-02-19,Winter Holiday
2024-02-20,Winter Holiday
2024-02-21,Winter Holiday
2024-02-22,Winter Holiday
2024-02-23,Winter Holiday
2024-02-24,Winter Holiday
2024-02-25,Winter Holiday
2024-03-28,Easter Holiday
2024-03-29,Easter Holiday
2024-03-30,Easter Holiday
2024-03-31,Easter Holiday
2024-04-01,Easter Holiday
2024-04-02,Easter Holiday
2024-04-29,Spring Holiday
2024-04-30,Spring Holiday
2024-05-01,Spring Holiday
2024-05-02,Spring Holiday
2024-05-03,Spring Holiday
2024-05-04,Spring Holiday
2024-05-05,Spring Holiday
2024-06-01,Summer Holiday
2024-06-02,Summer Holiday
2024-06-03,Summer Holiday
2024-06-04,Summer Holiday
2024-06-05,Summer Holiday
2024-06-06,Summer Holiday
2024-06-07,Summer Holiday
2024-06-08,Summer Holiday
2024-06-09,Summer Holiday
2024-06-10,Summer Holiday
2024-06-11,Summer Holiday
2024-06-12,Summer Holiday
2024-06-13,Summer Holiday
2024-06-14,Summer Holiday
2024-06-15,Summer Holiday
2024-06-16,Summer Holiday
2024-06-17,Summer Holiday
2024-06-18,Summer Holiday
2024-06-19,Summer Holiday
2024-06-20,Summer Holiday
2024-06-21,Summer Holiday
2024-06-22,Summer Holiday
2024-06-23,Summer Holiday
2024-06-24,Summer Holiday
2024-06-25,Summer Holiday
2024-06-26,Summer Holiday
2024-06-27,Summer Holiday
2024-06-28,Summer Holiday
2024-06-29,Summer Holiday
2024-06-30,Summer Holiday
2024-07-01,Summer Holiday
2024-07-02,Summer Holiday
2024-07-03,Summer Holiday
2024-07-04,Summer Holiday
2024-07-05,Summer Holiday
2024-07-06,Summer Holiday
2024-07-07,Summer Holiday
2024-07-08,Summer Holiday
2024-07-09,Summer Holiday
2024-07-10,Summer Holiday
2024-07-11,Summer Holiday
2024-07-12,Summer Holiday
2024-07-13,Summer Holiday
2024-07-14,Summer Holiday
2024-07-15,Summer Holiday
2024-07-16,Summer Holiday
2024-07-17,Summer Holiday
2024-07-18,Summer Holiday
2024-07-19,Summer Holiday
2024-07-20,Summer Holiday
2024-07-21,Summer Holiday
2024-07-22,Summer Holiday
2024-07-23,Summer Holiday
2024-07-24,Summer Holiday
2024-07-25,Summer Holiday
2024-07-26,Summer Holiday
2024-07-27,Summer Holiday
2024-07-28,Summer Holiday
2024-07-29,Summer Holiday
2024-07-30,Summer Holiday
2024-07-31,Summer Holiday
2024-08-01,Summer Holiday
2024-08-02,Summer Holiday
2024-08-03,Summer Holiday
2024-08-04,Summer Holiday
2024-08-05,Summer Holiday
2024-08-06,Summer Holiday
2024-08-07,Summer Holiday
2024-08-08,Summer Holiday
2024-08-09,Summer Holiday
2024-08-10,Summer Holiday
2024-08-11,Summer Holiday
2024-10-14,Autumn Holiday
2024-10-15,Autumn Holiday
2024-10-16,Autumn Holiday
2024-10-17,Autumn Holiday
2024-10-18,Autumn Holiday
2024-10-19,Autumn Holiday
2024-10-20,Autumn Holiday
2024-12-21,Christmas Holiday
2024-12-22,Christmas Holiday
2024-12-23,Christmas Holiday
2024-12-24,Christmas Holiday
2024-12-25,Christmas Holiday
2024-12-26,Christmas Holiday
2024-12-27,Christmas Holiday
2024-12-28,Christmas Holiday
2024-12-29,Christmas Holiday
2024-12-30,Christmas Holiday
